corpus,底本,年代,扫描来源机构,internet_archive_id,底本公有领域依据,扫描件条款,ocr文本层许可,状态
"gd-vernacular-paper","《广东白话报》第一、二、五、七期（1907，4 期合 221 页影像）","1907","不明（非 Internet Archive 来源；本机影像来源待查）","未定位","出版于 1907 年；中美两地版权保护期均已届满（发表已逾 100 年），属公有领域","未确认（本机影像无数字化声明页；Internet Archive 未见对应条目）","CC BY-SA 4.0","待核"
"canton-vernacular-handbook","A Handbook of the Canton Vernacular of the Chinese Language（N. B. Dennys，1874）","1874","Cornell University Library（Charles William Wason 藏书，Wason Collection on China and the Chinese）","cu31924023550951","出版于 1874 年；作者 N. B. Dennys（卒于 1900 年）逝世逾 70 年，中国与美国版权保护期均已届满，属公有领域","The original of this book is in the Cornell University Library. There are no known copyright restrictions in the United States on the use of the text.（康奈尔数字化声明页原文，本机转录并经检索复核）","CC BY-SA 4.0","已核"
"readings-in-cantonese-colloquial","Readings in Cantonese Colloquial（J. Dyer Ball，1894）","1894","Cornell University Library（Charles William Wason 藏书）","cu31924023427572","出版于 1894 年；作者 J. Dyer Ball（卒于 1919 年）逝世逾 70 年，中国与美国版权保护期均已届满，属公有领域","There are no known copyright restrictions in the United States on the use of the text.（康奈尔数字化声明，见扫描件首页，检索复核）","CC BY-SA 4.0","已核"
"cantonese-apothegms","Cantonese Apothegms（H. J. Stevens，1902）","1902","University of California Libraries（Northern Regional Library Facility 藏本；Microsoft 资助数字化）","cantoneseapotheg00stevrich","出版于 1902 年；作者 H. J. Stevens 逝世逾 70 年，中国与美国版权保护期均已届满，属公有领域","扫描件含 Internet Archive 数字化声明页（2008 年，Microsoft Corporation 资助，页内附条目 URL）；条目页 notice 全文及是否附使用限制语句待照录","CC BY-SA 4.0","待核"
"chinese-english-phrase-book","A Chinese and English Phrase Book in the Canton Dialect（T. L. Stedman、Li Kuei-pʻan，1888）","1888","Cornell University Library（Charles William Wason 藏书）","cu31924023344355","出版于 1888 年；作者 T. L. Stedman（卒于 1938 年）等逝世逾 70 年，中国与美国版权保护期均已届满，属公有领域","The original of this book is in the Cornell University Library; there are no known copyright restrictions in the United States on the use of the text.（扫描件转录，附 http://www.archive.org/details/cu31924023344355）","CC BY-SA 4.0","已核"
"easy-lessons-in-chinese","Easy Lessons in Chinese（S. W. Williams，1842；中文书名《拾级大成》）","1842","University of California Libraries（John Fryer 中文图书馆藏本；Microsoft 资助数字化）","easylessonsinchi00willrich","出版于 1842 年；作者 S. W. Williams（卒于 1884 年）逝世逾 70 年，中国与美国版权保护期均已届满，属公有领域","IA 条目页版权证据：no visible notice of copyright; stated date is 1842（2008-07-24 上报）；扫描件含 Microsoft 资助数字化声明","CC BY-SA 4.0","已核"
"how-to-speak-cantonese","How to Speak Cantonese（J. Dyer Ball，1902 第二版）","1902","University of California Libraries（John Fryer 中文图书馆藏本；Microsoft 资助数字化）","howtospeakcanton00ballrich","出版于 1902 年；作者 J. Dyer Ball（卒于 1919 年）逝世逾 70 年，中国与美国版权保护期均已届满，属公有领域","IA 条目页版权证据：no visible notice of copyright; stated date is 1902（2008-09-15 上报）","CC BY-SA 4.0","已核"
"select-phrases-reading-lessons","Select Phrases and Reading Lessons in the Canton Dialect（W. Lobscheid 编，1864）","1864","Google Books 数字化（非 Internet Archive；Google Books ID：u5JFAAAAcAAJ；原藏馆待核）","未定位","出版于 1864 年；编者 W. Lobscheid（卒于 1898 年）逝世逾 70 年，中国与美国版权保护期均已届满，属公有领域","This is a reproduction of a library book that was digitized by Google（Google Books 声明页；原始藏馆与使用条款待核）","CC BY-SA 4.0","待核"
"gospel-st-mark-cantonese","The Gospel According to St. Mark in English and Cantonese（American Bible Society 出版，1899）","1899","University of California Libraries（Berkeley 藏本；Microsoft 资助数字化，2007）","gospelaccordingt00shanrich","出版于 1899 年；出版已逾 100 年，中美两地版权保护期均已届满，属公有领域","扫描件含数字化声明页：Digitized by the Internet Archive in 2007 with funding from Microsoft Corporation；条目页 notice 待照录（标识符置信度为疑似）","CC BY-SA 4.0","待核"
